{
  "feature": "three_caves:replace_basalt_with_brown_mushrooms",
  "placement": [
    {
      "type": "minecraft:count",
      "count": 90
    },
    {
      "type": "minecraft:in_square"
    },
    {
      "type": "minecraft:height_range",
      "height": {
        "type": "minecraft:uniform",
        "max_inclusive": {
          "absolute": 64
        },
        "min_inclusive": {
          "absolute": -64
        }
      }
    },
    {
      "type": "minecraft:biome"
    }
  ]
}