{
    "type": "minecraft:delta_feature",
    "config": {
        "contents": {
            "Name": "minecraft:mycelium"
        },
        "rim": {
            "Name": "minecraft:coarse_dirt"
        },
        "size": {
            "type": "minecraft:uniform",
            "min_inclusive": 8,
            "max_inclusive": 10
        },
        "rim_size": {
            "type": "minecraft:uniform",
            "min_inclusive": 1,
            "max_inclusive": 1
        }
    }
}